[
  {
    "id": "/subscriptions/3e5ff226-7b86-4538-8eb7-e1638adc99ab/resourceGroups/rg_eastus_202894_1_173613742492/providers/Microsoft.Resources/deployments/CreateVm-MicrosoftWindowsServer.WindowsServer-201-20250106095949/operations/7FCFE917AE240DBE",
    "operationId": "7FCFE917AE240DBE",
    "properties": {
      "provisioningOperation": "Create",
      "provisioningState": "Succeeded",
      "timestamp": "2025-01-06T04:35:27.988931Z",
      "duration": "PT27.9456089S",
      "trackingId": "6b292bde-7a4f-4407-9346-f2dcae7b7696",
      "statusCode": "OK",
      "targetResource": {
        "id": "/subscriptions/3e5ff226-7b86-4538-8eb7-e1638adc99ab/resourceGroups/rg_eastus_202894_1_173613742492/providers/Microsoft.Compute/virtualMachines/WhizlabsVM",
        "resourceType": "Microsoft.Compute/virtualMachines",
        "resourceName": "WhizlabsVM"
      }
    }
  },
  {
    "id": "/subscriptions/3e5ff226-7b86-4538-8eb7-e1638adc99ab/resourceGroups/rg_eastus_202894_1_173613742492/providers/Microsoft.Resources/deployments/CreateVm-MicrosoftWindowsServer.WindowsServer-201-20250106095949/operations/79C594857DC56486",
    "operationId": "79C594857DC56486",
    "properties": {
      "provisioningOperation": "Create",
      "provisioningState": "Succeeded",
      "timestamp": "2025-01-06T04:35:07.5394888Z",
      "duration": "PT7.4961667S",
      "trackingId": "4c513951-1c2d-4199-bce9-33c82da15d58",
      "statusCode": "OK",
      "targetResource": {
        "id": "/subscriptions/3e5ff226-7b86-4538-8eb7-e1638adc99ab/resourceGroups/rg_eastus_202894_1_173613742492/providers/Microsoft.Network/networkInterfaces/whizlabsvm800",
        "resourceType": "Microsoft.Network/networkInterfaces",
        "resourceName": "whizlabsvm800"
      }
    }
  },
  {
    "id": "/subscriptions/3e5ff226-7b86-4538-8eb7-e1638adc99ab/resourceGroups/rg_eastus_202894_1_173613742492/providers/Microsoft.Resources/deployments/CreateVm-MicrosoftWindowsServer.WindowsServer-201-20250106095949/operations/2280ADD8DEDD7C4D",
    "operationId": "2280ADD8DEDD7C4D",
    "properties": {
      "provisioningOperation": "Create",
      "provisioningState": "Succeeded",
      "timestamp": "2025-01-06T04:34:59.216063Z",
      "duration": "PT5.9537259S",
      "trackingId": "dd410689-c567-4f52-a92e-42981ebff5ae",
      "statusCode": "OK",
      "targetResource": {
        "id": "/subscriptions/3e5ff226-7b86-4538-8eb7-e1638adc99ab/resourceGroups/rg_eastus_202894_1_173613742492/providers/Microsoft.Network/virtualNetworks/WhizlabsVM-vnet",
        "resourceType": "Microsoft.Network/virtualNetworks",
        "resourceName": "WhizlabsVM-vnet"
      }
    }
  },
  {
    "id": "/subscriptions/3e5ff226-7b86-4538-8eb7-e1638adc99ab/resourceGroups/rg_eastus_202894_1_173613742492/providers/Microsoft.Resources/deployments/CreateVm-MicrosoftWindowsServer.WindowsServer-201-20250106095949/operations/335B12B63AE228CA",
    "operationId": "335B12B63AE228CA",
    "properties": {
      "provisioningOperation": "Create",
      "provisioningState": "Succeeded",
      "timestamp": "2025-01-06T04:34:59.9517111Z",
      "duration": "PT6.689374S",
      "trackingId": "c4ea90be-28b9-4e90-8791-b11da37386e9",
      "statusCode": "OK",
      "targetResource": {
        "id": "/subscriptions/3e5ff226-7b86-4538-8eb7-e1638adc99ab/resourceGroups/rg_eastus_202894_1_173613742492/providers/Microsoft.Network/publicIpAddresses/WhizlabsVM-ip",
        "resourceType": "Microsoft.Network/publicIpAddresses",
        "resourceName": "WhizlabsVM-ip"
      }
    }
  },
  {
    "id": "/subscriptions/3e5ff226-7b86-4538-8eb7-e1638adc99ab/resourceGroups/rg_eastus_202894_1_173613742492/providers/Microsoft.Resources/deployments/CreateVm-MicrosoftWindowsServer.WindowsServer-201-20250106095949/operations/AF9D8848E23BE966",
    "operationId": "AF9D8848E23BE966",
    "properties": {
      "provisioningOperation": "Create",
      "provisioningState": "Succeeded",
      "timestamp": "2025-01-06T04:34:59.822302Z",
      "duration": "PT6.5599649S",
      "trackingId": "b3ff052f-8754-4fb4-9a9a-b56b6fffd79b",
      "statusCode": "OK",
      "targetResource": {
        "id": "/subscriptions/3e5ff226-7b86-4538-8eb7-e1638adc99ab/resourceGroups/rg_eastus_202894_1_173613742492/providers/Microsoft.Network/networkSecurityGroups/WhizlabsVM-nsg",
        "resourceType": "Microsoft.Network/networkSecurityGroups",
        "resourceName": "WhizlabsVM-nsg"
      }
    }
  },
  {
    "id": "/subscriptions/3e5ff226-7b86-4538-8eb7-e1638adc99ab/resourceGroups/rg_eastus_202894_1_173613742492/providers/Microsoft.Resources/deployments/CreateVm-MicrosoftWindowsServer.WindowsServer-201-20250106095949/operations/08584654687992510929",
    "operationId": "08584654687992510929",
    "properties": {
      "provisioningOperation": "EvaluateDeploymentOutput",
      "provisioningState": "Succeeded",
      "timestamp": "2025-01-06T04:35:28.0890128Z",
      "duration": "PT28.0456907S",
      "trackingId": "4e59f9ef-8d58-4320-a753-8f876c8f8cd1",
      "statusCode": "OK"
    }
  }
]