{
  "id": "/subscriptions/3e5ff226-7b86-4538-8eb7-e1638adc99ab/resourceGroups/rg_eastus_202894_1_173613742492/providers/Microsoft.Resources/deployments/CreateVm-MicrosoftWindowsServer.WindowsServer-201-20250106095949",
  "name": "CreateVm-MicrosoftWindowsServer.WindowsServer-201-20250106095949",
  "type": "Microsoft.Resources/deployments",
  "tags": {
    "primaryResourceId": "/subscriptions/3e5ff226-7b86-4538-8eb7-e1638adc99ab/resourcegroups/rg_eastus_202894_1_173613742492/providers/Microsoft.Compute/virtualMachines/WhizlabsVM",
    "marketplaceItemId": "Microsoft.VirtualMachine",
    "provisioningHash": "SolutionProvider"
  },
  "properties": {
    "templateHash": "2879061642069869408",
    "parameters": {
      "location": {
        "type": "String",
        "value": "eastus"
      },
      "networkInterfaceName": {
        "type": "String",
        "value": "whizlabsvm800"
      },
      "networkSecurityGroupName": {
        "type": "String",
        "value": "WhizlabsVM-nsg"
      },
      "networkSecurityGroupRules": {
        "type": "Array",
        "value": [
          {
            "name": "RDP",
            "properties": {
              "priority": 300,
              "protocol": "TCP",
              "access": "Allow",
              "direction": "Inbound",
              "sourceAddressPrefix": "*",
              "sourcePortRange": "*",
              "destinationAddressPrefix": "*",
              "destinationPortRange": "3389"
            }
          },
          {
            "name": "SSH",
            "properties": {
              "priority": 320,
              "protocol": "TCP",
              "access": "Allow",
              "direction": "Inbound",
              "sourceAddressPrefix": "*",
              "sourcePortRange": "*",
              "destinationAddressPrefix": "*",
              "destinationPortRange": "22"
            }
          },
          {
            "name": "HTTP",
            "properties": {
              "priority": 340,
              "protocol": "TCP",
              "access": "Allow",
              "direction": "Inbound",
              "sourceAddressPrefix": "*",
              "sourcePortRange": "*",
              "destinationAddressPrefix": "*",
              "destinationPortRange": "80"
            }
          }
        ]
      },
      "subnetName": {
        "type": "String",
        "value": "default"
      },
      "virtualNetworkName": {
        "type": "String",
        "value": "WhizlabsVM-vnet"
      },
      "addressPrefixes": {
        "type": "Array",
        "value": [
          "10.0.0.0/16"
        ]
      },
      "subnets": {
        "type": "Array",
        "value": [
          {
            "name": "default",
            "properties": {
              "addressPrefix": "10.0.0.0/24"
            }
          }
        ]
      },
      "publicIpAddressName": {
        "type": "String",
        "value": "WhizlabsVM-ip"
      },
      "publicIpAddressType": {
        "type": "String",
        "value": "Static"
      },
      "publicIpAddressSku": {
        "type": "String",
        "value": "Standard"
      },
      "pipDeleteOption": {
        "type": "String",
        "value": "Detach"
      },
      "virtualMachineName": {
        "type": "String",
        "value": "WhizlabsVM"
      },
      "virtualMachineComputerName": {
        "type": "String",
        "value": "WhizlabsVM"
      },
      "virtualMachineRG": {
        "type": "String",
        "value": "rg_eastus_202894_1_173613742492"
      },
      "osDiskType": {
        "type": "String",
        "value": "StandardSSD_LRS"
      },
      "osDiskDeleteOption": {
        "type": "String",
        "value": "Delete"
      },
      "virtualMachineSize": {
        "type": "String",
        "value": "Standard_B2s"
      },
      "nicDeleteOption": {
        "type": "String",
        "value": "Detach"
      },
      "hibernationEnabled": {
        "type": "Bool",
        "value": false
      },
      "adminUsername": {
        "type": "String",
        "value": "vm1"
      },
      "adminPassword": {
        "type": "SecureString"
      },
      "patchMode": {
        "type": "String",
        "value": "AutomaticByOS"
      },
      "enableHotpatching": {
        "type": "Bool",
        "value": false
      }
    },
    "mode": "Incremental",
    "debugSetting": {
      "detailLevel": "None"
    },
    "provisioningState": "Succeeded",
    "timestamp": "2025-01-06T04:35:28.122622Z",
    "duration": "PT38.7209712S",
    "correlationId": "abf520d4-aaf2-4a56-b716-55757239e540",
    "providers": [
      {
        "namespace": "Microsoft.Network",
        "resourceTypes": [
          {
            "resourceType": "networkInterfaces",
            "locations": [
              "eastus"
            ]
          },
          {
            "resourceType": "networkSecurityGroups",
            "locations": [
              "eastus"
            ]
          },
          {
            "resourceType": "virtualNetworks",
            "locations": [
              "eastus"
            ]
          },
          {
            "resourceType": "publicIpAddresses",
            "locations": [
              "eastus"
            ]
          }
        ]
      },
      {
        "namespace": "Microsoft.Compute",
        "resourceTypes": [
          {
            "resourceType": "virtualMachines",
            "locations": [
              "eastus"
            ]
          }
        ]
      }
    ],
    "dependencies": [
      {
        "dependsOn": [
          {
            "id": "/subscriptions/3e5ff226-7b86-4538-8eb7-e1638adc99ab/resourceGroups/rg_eastus_202894_1_173613742492/providers/Microsoft.Network/networkSecurityGroups/WhizlabsVM-nsg",
            "resourceType": "Microsoft.Network/networkSecurityGroups",
            "resourceName": "WhizlabsVM-nsg"
          },
          {
            "id": "/subscriptions/3e5ff226-7b86-4538-8eb7-e1638adc99ab/resourceGroups/rg_eastus_202894_1_173613742492/providers/Microsoft.Network/virtualNetworks/WhizlabsVM-vnet",
            "resourceType": "Microsoft.Network/virtualNetworks",
            "resourceName": "WhizlabsVM-vnet"
          },
          {
            "id": "/subscriptions/3e5ff226-7b86-4538-8eb7-e1638adc99ab/resourceGroups/rg_eastus_202894_1_173613742492/providers/Microsoft.Network/publicIpAddresses/WhizlabsVM-ip",
            "resourceType": "Microsoft.Network/publicIpAddresses",
            "resourceName": "WhizlabsVM-ip"
          }
        ],
        "id": "/subscriptions/3e5ff226-7b86-4538-8eb7-e1638adc99ab/resourceGroups/rg_eastus_202894_1_173613742492/providers/Microsoft.Network/networkInterfaces/whizlabsvm800",
        "resourceType": "Microsoft.Network/networkInterfaces",
        "resourceName": "whizlabsvm800"
      },
      {
        "dependsOn": [
          {
            "id": "/subscriptions/3e5ff226-7b86-4538-8eb7-e1638adc99ab/resourceGroups/rg_eastus_202894_1_173613742492/providers/Microsoft.Network/networkInterfaces/whizlabsvm800",
            "resourceType": "Microsoft.Network/networkInterfaces",
            "resourceName": "whizlabsvm800"
          }
        ],
        "id": "/subscriptions/3e5ff226-7b86-4538-8eb7-e1638adc99ab/resourceGroups/rg_eastus_202894_1_173613742492/providers/Microsoft.Compute/virtualMachines/WhizlabsVM",
        "resourceType": "Microsoft.Compute/virtualMachines",
        "resourceName": "WhizlabsVM"
      }
    ],
    "outputs": {
      "adminUsername": {
        "type": "String",
        "value": "vm1"
      }
    },
    "outputResources": [
      {
        "id": "/subscriptions/3e5ff226-7b86-4538-8eb7-e1638adc99ab/resourceGroups/rg_eastus_202894_1_173613742492/providers/Microsoft.Compute/virtualMachines/WhizlabsVM"
      },
      {
        "id": "/subscriptions/3e5ff226-7b86-4538-8eb7-e1638adc99ab/resourceGroups/rg_eastus_202894_1_173613742492/providers/Microsoft.Network/networkInterfaces/whizlabsvm800"
      },
      {
        "id": "/subscriptions/3e5ff226-7b86-4538-8eb7-e1638adc99ab/resourceGroups/rg_eastus_202894_1_173613742492/providers/Microsoft.Network/networkSecurityGroups/WhizlabsVM-nsg"
      },
      {
        "id": "/subscriptions/3e5ff226-7b86-4538-8eb7-e1638adc99ab/resourceGroups/rg_eastus_202894_1_173613742492/providers/Microsoft.Network/publicIpAddresses/WhizlabsVM-ip"
      },
      {
        "id": "/subscriptions/3e5ff226-7b86-4538-8eb7-e1638adc99ab/resourceGroups/rg_eastus_202894_1_173613742492/providers/Microsoft.Network/virtualNetworks/WhizlabsVM-vnet"
      }
    ],
    "validationLevel": "Template"
  }
}