[
  {
    "id": "/subscriptions/3e5ff226-7b86-4538-8eb7-e1638adc99ab/resourceGroups/rg_eastus_202894_1_173613742492/providers/Microsoft.Resources/deployments/Snapshot.vm1snap-20250106101329/operations/AEEB3EAA4A1C9593",
    "operationId": "AEEB3EAA4A1C9593",
    "properties": {
      "provisioningOperation": "Create",
      "provisioningState": "Succeeded",
      "timestamp": "2025-01-06T04:43:46.5196599Z",
      "duration": "PT7.5195028S",
      "trackingId": "822e8864-bab9-431d-a789-f465096d81ae",
      "statusCode": "OK",
      "targetResource": {
        "id": "/subscriptions/3e5ff226-7b86-4538-8eb7-e1638adc99ab/resourceGroups/rg_eastus_202894_1_173613742492/providers/Microsoft.Compute/snapshots/vm1snap",
        "resourceType": "Microsoft.Compute/snapshots",
        "resourceName": "vm1snap"
      }
    }
  },
  {
    "id": "/subscriptions/3e5ff226-7b86-4538-8eb7-e1638adc99ab/resourceGroups/rg_eastus_202894_1_173613742492/providers/Microsoft.Resources/deployments/Snapshot.vm1snap-20250106101329/operations/08584654682711877872",
    "operationId": "08584654682711877872",
    "properties": {
      "provisioningOperation": "EvaluateDeploymentOutput",
      "provisioningState": "Succeeded",
      "timestamp": "2025-01-06T04:43:46.6247487Z",
      "duration": "PT7.6245916S",
      "trackingId": "80b9c5fa-891e-470b-a49e-6ddc93920b7f",
      "statusCode": "OK"
    }
  }
]