{
  "id": "/subscriptions/3e5ff226-7b86-4538-8eb7-e1638adc99ab/resourceGroups/rg_eastus_202894_1_173613742492/providers/Microsoft.Resources/deployments/Snapshot.vm1snap-20250106101329",
  "name": "Snapshot.vm1snap-20250106101329",
  "type": "Microsoft.Resources/deployments",
  "properties": {
    "templateHash": "15148376169041050300",
    "parameters": {
      "apiVersion": {
        "type": "String",
        "value": "2022-03-02"
      },
      "name": {
        "type": "String",
        "value": "vm1snap"
      },
      "location": {
        "type": "String",
        "value": "eastus"
      },
      "accountType": {
        "type": "String",
        "value": "Standard_ZRS"
      },
      "createOption": {
        "type": "String",
        "value": "Copy"
      },
      "sourceUri": {
        "type": "String",
        "value": "/subscriptions/3e5ff226-7b86-4538-8eb7-e1638adc99ab/resourceGroups/rg_eastus_202894_1_173613742492/providers/Microsoft.Compute/disks/WhizlabsVM_disk1_0add5a7fbdc54f4782bf2a1b0ace6bb5"
      },
      "incremental": {
        "type": "String",
        "value": "true"
      },
      "diskEncryptionSetType": {
        "type": "String",
        "value": "EncryptionAtRestWithPlatformKey"
      },
      "dataAccessAuthMode": {
        "type": "String",
        "value": "None"
      },
      "networkAccessPolicy": {
        "type": "String",
        "value": "AllowAll"
      },
      "publicNetworkAccess": {
        "type": "String",
        "value": "Enabled"
      }
    },
    "mode": "Incremental",
    "debugSetting": {
      "detailLevel": "None"
    },
    "provisioningState": "Succeeded",
    "timestamp": "2025-01-06T04:43:46.6780749Z",
    "duration": "PT10.0041682S",
    "correlationId": "181320a4-6ad9-496c-968a-52af2951e82a",
    "providers": [
      {
        "namespace": "Microsoft.Compute",
        "resourceTypes": [
          {
            "resourceType": "snapshots",
            "locations": [
              "eastus"
            ]
          }
        ]
      }
    ],
    "dependencies": [],
    "outputResources": [
      {
        "id": "/subscriptions/3e5ff226-7b86-4538-8eb7-e1638adc99ab/resourceGroups/rg_eastus_202894_1_173613742492/providers/Microsoft.Compute/snapshots/vm1snap"
      }
    ],
    "validationLevel": "Template"
  },
  "tags": {
    "primaryResourceId": "/subscriptions/3e5ff226-7b86-4538-8eb7-e1638adc99ab/resourceGroups/rg_eastus_202894_1_173613742492/providers/Microsoft.Compute/snapshots/vm1snap",
    "marketplaceItemId": "Microsoft.Snapshot-ARM"
  }
}